Domain,Count
oxide.computer,1
www.science.org,1
www.energyvanguard.com,1
www.htmlhobbyist.com,1
www.jstor.org,1
earthquake.usgs.gov,1
buttondown.com,1
os.phil-opp.com,1
www.infoworld.com,1
www.taylor.gl,1
blog.glyphdrawing.club,1
github.com,5
www.ycombinator.com,4
jeroen.github.io,1
tomscheers.github.io,1
grillbert.substack.com,1
openai.com,1
www.doist.dev,1
www.peterbe.com,1
JapaneseNostalgicCar.com,1
www.latimes.com,1
candid9.com,1
www.lorenstew.art,1
bitcoinke.io,1
www.acm.org,1
